<?xml version="1.0" encoding="UTF-8"?>
<!-- *******************************************************************
	** Copyright 2016 Tim Goodwill
	** 
	** Licensed under the Apache License, Version 2.0 (the "License");
	** you may not use this file except in compliance with the License.
	** You may obtain a copy of the License at
	** 
	**     http://www.apache.org/licenses/LICENSE-2.0
	** 
	** Unless required by applicable law or agreed to in writing, software
	** distributed under the License is distributed on an "AS IS" BASIS,
	** WITHOUT WARRANTIES OR CONDITIONS OF ANY KIND, either express or implied.
	** See the License for the specific language governing permissions and
	** limitations under the License.
	**
	**
	**
	** NAME
	** ant.simple.example.xml
	**
	** PURPOSE
	** This file is an example ANT build script for deployment to
	** DataPower XML acceleration devices.
	**
	** PARMS
	** To use the deploy targets locally, the following parameters should be supplied as a minimum:
	** hostname     == Device to deploy to. 
	** userName, userPassword == User credentials
	** service.name    == name of services to deploy - correlates to a deployable <serviceName>.zip (or xml) file in teh staging.dir.
	** domain       == Working domain (default is '<service.name>' domain)
	** staging.dir     == Staging dir contains the built deployment artifacts, this will be a temporary buildforge working directory
	**
	** OPTIONAL PARMS - Deployment
	** source.type     == ZIP or XML (default is 'ZIP')
	**
	**
	** PLEASE NOTE: there is currently a known xerces issue running under any ant version above 1.8.0.
	** To remediate, please copy dpdirect/lib/xercesImpl.jar into your apache-ant-[version]/lib folder. 
	** Or alternatively, run the ant-task with the ant 1.8.0 distribution.
	**
	******************************************************************** -->
<project name="dp-deploy" default="deploy">
	
	<!-- *****************************************************************
		** Parameters : may be overridden from a properties file or via cmdLine
		****************************************************************** -->
	<!-- Default Environment -->
	<property name="environment" value="DEV"/>
	
	<!-- Location of optional properties file -->
	<property file="deployment.properties"/>
	<property file="${environment}.properties"/>
	
	<!-- Device parameters -->
	<property name="dp.soma.port"  value="5550"/>
	<property name="domain" value="${service.name}"/>
	
	<!-- Deployment parameters -->
	<property name="source.type" value="ZIP"/>
	<property name="verbose" value="false"/>

	<!-- Default locations -->
	<property name="lib.dir"  value="${basedir}/lib"/>
	<property name="dpdirect.dir"  value="${basedir}/dpdirect"/>
	
	<!-- *****************************************************************
		** Set up the "DPDirect" task library
		****************************************************************** -->
	<path id="dpdirect.class.path">
		<!-- classpath for the dpdirect task -->
		<pathelement location="${dpdirect.dir}/dpdirect-1.0.5.jar"/>
		<pathelement location="${dpdirect.dir}/lib/xercesImpl.jar"/>
		<pathelement location="${dpdirect.dir}/lib/log4j.jar"/>
	</path>
	<taskdef name="dpDeploy" classname="org.dpdirect.dpmgmt.DPDirectTask" classpathref="dpdirect.class.path"/>
	
	
	<!-- **********************************************************
		** target: deploy.all
		**
		** PURPOSE
		** Deploy all objects in the ${service.name}.ZIP file to each dp device, and also
		** deploy all service files in the 'src' dir to the local:///${service.name} path
		****************************************************************** -->
	<target name="deploy">
		<dpDeploy domain="${domain}" 
			hostname="${hostname}" verbose="${verbose}">
			<operation name="GetDomainStatusRequest" domain="TEST">
				<option name="Domain" value="TEST"/>
			</operation>
			<operation name="get-status">
				<option name="domain" value="TEST"/>
				<option name="class" value="ActiveUsers"/>
			</operation>
			<operation name="SaveConfig">
				<option name="domain" value="TEST"/>
			</operation>
		</dpDeploy>
	</target>
	
</project>
